{"last_tab":"","general_theme_color":"#ff6e7f","theme_color_gradient":{"from":"#ff944d","to":"#ff6e7f"},"phone_no":"+01 9876543210","email_id":"websbooster@gmail.com","header_logo":{"url":"http:\/\/xpanthersolutions.com\/wptheme\/waxo\/wp-content\/uploads\/2018\/08\/waxo_logo1.png","id":"119","height":"78","width":"284","thumbnail":"http:\/\/xpanthersolutions.com\/wptheme\/waxo\/wp-content\/uploads\/2018\/08\/waxo_logo1-150x78.png","title":"waxo_logo1","caption":"","alt":"","description":""},"favicon_logo":{"url":"http:\/\/xpanthersolutions.com\/wptheme\/waxo\/wp-content\/uploads\/2018\/08\/w.png","id":"120","height":"32","width":"32","thumbnail":"http:\/\/xpanthersolutions.com\/wptheme\/waxo\/wp-content\/uploads\/2018\/08\/w.png","title":"w","caption":"","alt":"","description":""},"blog-layout":"right-sidebar","404_title":"Sorry, Page Not Found","404_description":"Error page description","primary_font":{"font-family":"Lato","font-options":"","google":"1","font-weight":"400","font-style":""},"secondary_font":{"font-family":"Poppins","font-options":"","google":"1","font-weight":"700","font-style":""},"copyright_text":"\u00a9 2018. Waxo - Design by Websbooster Solutions","opt-customizer-only":"2","redux-backup":"1"}