{"sidebar":{"search-2":{"title":""},"recent-posts-2":{"title":"","number":5},"recent-comments-2":{"title":"","number":5},"archives-2":{"title":"","count":0,"dropdown":0},"categories-2":{"title":"","count":0,"hierarchical":0,"dropdown":0},"meta-2":{"title":""},"search-3":{"title":"Search"},"blogen-about-me-widget-1":{"title":"About Me","author_name":"MIA PARKER","author_img":"http:\/\/xpanthersolutions.com\/wptheme\/blogen\/wp-content\/uploads\/2018\/07\/mia.png","author_desc":"Quis vero phasellus hac nullam, in quam vitae duis adipiscing mauris leo, laoreet eget at quis, ante vestibulum vivamus vel. Sapien lobortis, eget orci purus amet pede, consectetur neque risus.","author_readmore":"#"},"blogen-social-widget-1":{"title":"Follows Us","facebook_link":"#","twitter_link":"#","instagram_link":"#","google_plus_link":"#","linkedin_link":"#","layout":"onlyicon"},"blogen-contact-info-widget-1":{"title":"Contact Us","contact_before":"","address":"1234 Street, City, Country","phone":"(123) 456-7890","email":"mail@example.com","website":"www.xpanthersolutions.com","time":"Mon - Sun \/ 9:00 AM - 8:00 PM","contact_after":""},"latest-posts-1":{"title":"Popular Post","number":3},"mc4wp_form_widget-1":{"title":"Newsletter"}},"footer-widget":{"media_image-1":{"attachment_id":119,"url":"http:\/\/xpanthersolutions.com\/wptheme\/bloger\/wp-content\/uploads\/2018\/08\/waxo_logo1.png","title":"","size":"full","width":284,"height":78,"caption":"","alt":"","link_type":"custom","link_url":"","image_classes":"","link_classes":"","link_rel":"","link_target_blank":false,"image_title":""},"blogen-social-widget-2":{"title":"","facebook_link":"#","twitter_link":"#","instagram_link":"#","google_plus_link":"#","linkedin_link":"#","layout":"iconwithtext"}}}